{
  "@odata.count": 10,
  "value": [
    {
      "customer_id": "10170000000116",
      "customer_name": "常建华",
      "hospital": "复旦大学附属肿瘤医院 > 肿瘤科"
    },
    {
      "customer_id": "WCNA00008100",
      "customer_name": "陈公琰",
      "hospital": "哈尔滨医科大学附属肿瘤医院 > 呼吸内科"
    },
    {
      "customer_id": "WCNA00008102",
      "customer_name": "程颖",
      "hospital": "吉林省肿瘤医院 > 肿瘤科"
    },
    {
      "customer_id": "WCNA00009210",
      "customer_name": "樊青霞",
      "hospital": "郑州大学附属第一医院 > 肿瘤科"
    },
    {
      "customer_id": "WCNM00090520",
      "customer_name": "方健",
      "hospital": "北京肿瘤医院 > 胸外科"
    },
    {
      "customer_id": "WCNM00091092",
      "customer_name": "冯继锋",
      "hospital": "江苏省肿瘤医院 > 肿瘤科"
    },
    {
      "customer_id": "WCNM00091093",
      "customer_name": "韩辉",
      "hospital": "中山大学肿瘤医院 > 泌尿科"
    },
    {
      "customer_id": "WCNM00091094",
      "customer_name": "何建行",
      "hospital": "广州医科大学第一附属医院 > 胸外科"
    },
    {
      "customer_id": "WCNM00091095",
      "customer_name": "季枚",
      "hospital": "常州市第一人民医院 > 肿瘤科"
    },
    {
      "customer_id": "WCNM00092654",
      "customer_name": "姜丽岩",
      "hospital": "上海交通大学附属胸科医院 > 呼吸内科"
    }
  ]
}
